"id","fqdn/ip","port","severity","finding","cve","cwe"
"service","edition-prod-police-nationalev2.minint.ate.info/37.235.90.45","443","INFO","HTTP","",""
"pre_128cipher","edition-prod-police-nationalev2.minint.ate.info/37.235.90.45","443","INFO","No 128 cipher limit bug","",""
"SSLv2","edition-prod-police-nationalev2.minint.ate.info/37.235.90.45","443","OK","not offered","",""
"SSLv3","edition-prod-police-nationalev2.minint.ate.info/37.235.90.45","443","OK","not offered","",""
"TLS1","edition-prod-police-nationalev2.minint.ate.info/37.235.90.45","443","INFO","not offered","",""
"TLS1_1","edition-prod-police-nationalev2.minint.ate.info/37.235.90.45","443","INFO","not offered","",""
"TLS1_2","edition-prod-police-nationalev2.minint.ate.info/37.235.90.45","443","OK","offered","",""
"TLS1_3","edition-prod-police-nationalev2.minint.ate.info/37.235.90.45","443","INFO","not offered + downgraded to weaker protocol","",""
"ALPN","edition-prod-police-nationalev2.minint.ate.info/37.235.90.45","443","INFO","http/1.1","",""
"cipherlist_NULL","edition-prod-police-nationalev2.minint.ate.info/37.235.90.45","443","OK","not offered","","CWE-327"
"cipherlist_aNULL","edition-prod-police-nationalev2.minint.ate.info/37.235.90.45","443","OK","not offered","","CWE-327"
"cipherlist_EXPORT","edition-prod-police-nationalev2.minint.ate.info/37.235.90.45","443","OK","not offered","","CWE-327"
"cipherlist_LOW","edition-prod-police-nationalev2.minint.ate.info/37.235.90.45","443","OK","not offered","","CWE-327"
"cipherlist_3DES_IDEA","edition-prod-police-nationalev2.minint.ate.info/37.235.90.45","443","INFO","not offered","","CWE-310"
"cipherlist_OBSOLETED","edition-prod-police-nationalev2.minint.ate.info/37.235.90.45","443","INFO","not offered","","CWE-310"
"cipherlist_STRONG_NOFS","edition-prod-police-nationalev2.minint.ate.info/37.235.90.45","443","INFO","not offered","",""
"cipherlist_STRONG_FS","edition-prod-police-nationalev2.minint.ate.info/37.235.90.45","443","OK","offered","",""
"cipher_order-tls1_2","edition-prod-police-nationalev2.minint.ate.info/37.235.90.45","443","INFO","NOT a cipher order configured","",""
"cipher-tls1_2_xc030","edition-prod-police-nationalev2.minint.ate.info/37.235.90.45","443","OK","TLSv1.2   xc030   ECDHE-RSA-AES256-GCM-SHA384       ECDH 521   AESGCM      256      TLS_ECDHE_RSA_WITH_AES_256_GCM_SHA384","",""
"cipher-tls1_2_x9f","edition-prod-police-nationalev2.minint.ate.info/37.235.90.45","443","OK","TLSv1.2   x9f     DHE-RSA-AES256-GCM-SHA384         DH 2048    AESGCM      256      TLS_DHE_RSA_WITH_AES_256_GCM_SHA384","",""
"cipher-tls1_2_xc02f","edition-prod-police-nationalev2.minint.ate.info/37.235.90.45","443","OK","TLSv1.2   xc02f   ECDHE-RSA-AES128-GCM-SHA256       ECDH 521   AESGCM      128      TLS_ECDHE_RSA_WITH_AES_128_GCM_SHA256","",""
"cipher-tls1_2_x9e","edition-prod-police-nationalev2.minint.ate.info/37.235.90.45","443","OK","TLSv1.2   x9e     DHE-RSA-AES128-GCM-SHA256         DH 2048    AESGCM      128      TLS_DHE_RSA_WITH_AES_128_GCM_SHA256","",""
"supportedciphers_TLSv1_2","edition-prod-police-nationalev2.minint.ate.info/37.235.90.45","443","INFO","ECDHE-RSA-AES256-GCM-SHA384 DHE-RSA-AES256-GCM-SHA384 ECDHE-RSA-AES128-GCM-SHA256 DHE-RSA-AES128-GCM-SHA256","",""
"cipher_order","edition-prod-police-nationalev2.minint.ate.info/37.235.90.45","443","INFO","NOT a cipher order configured","",""
"FS","edition-prod-police-nationalev2.minint.ate.info/37.235.90.45","443","OK","offered","",""
"FS_ciphers","edition-prod-police-nationalev2.minint.ate.info/37.235.90.45","443","INFO","DHE-RSA-AES128-GCM-SHA256 DHE-RSA-AES256-GCM-SHA384 ECDHE-RSA-AES128-GCM-SHA256 ECDHE-RSA-AES256-GCM-SHA384","",""
"FS_ECDHE_curves","edition-prod-police-nationalev2.minint.ate.info/37.235.90.45","443","OK","prime256v1 secp384r1 secp521r1","",""
"TLS_extensions","edition-prod-police-nationalev2.minint.ate.info/37.235.90.45","443","INFO","'renegotiation info/#65281' 'server name/#0' 'EC point formats/#11' 'next protocol/#13172'","",""
"TLS_session_ticket","edition-prod-police-nationalev2.minint.ate.info/37.235.90.45","443","INFO","no -- no lifetime advertised","",""
"SSL_sessionID_support","edition-prod-police-nationalev2.minint.ate.info/37.235.90.45","443","INFO","yes","",""
"sessionresumption_ticket","edition-prod-police-nationalev2.minint.ate.info/37.235.90.45","443","INFO","not supported","",""
"sessionresumption_ID","edition-prod-police-nationalev2.minint.ate.info/37.235.90.45","443","INFO","supported","",""
"TLS_timestamp","edition-prod-police-nationalev2.minint.ate.info/37.235.90.45","443","INFO","random","",""
"cert_compression","edition-prod-police-nationalev2.minint.ate.info/37.235.90.45","443","INFO","N/A","",""
"clientAuth","edition-prod-police-nationalev2.minint.ate.info/37.235.90.45","443","INFO","optional","",""
"clientAuth_CA_list","edition-prod-police-nationalev2.minint.ate.info/37.235.90.45","443","INFO","CN=ATE CA Interieurv2,O=ATE,L=Villeneuve dAscq,ST=Nord,C=FR","",""
"cert_numbers","edition-prod-police-nationalev2.minint.ate.info/37.235.90.45","443","INFO","1","",""
"cert_signatureAlgorithm","edition-prod-police-nationalev2.minint.ate.info/37.235.90.45","443","OK","SHA256 with RSA","",""
"cert_keySize","edition-prod-police-nationalev2.minint.ate.info/37.235.90.45","443","INFO","RSA 2048 bits (exponent is 65537)","",""
"cert_keyUsage","edition-prod-police-nationalev2.minint.ate.info/37.235.90.45","443","INFO","Digital Signature, Key Encipherment","",""
"cert_extKeyUsage","edition-prod-police-nationalev2.minint.ate.info/37.235.90.45","443","INFO","TLS Web Server Authentication, TLS Web Client Authentication","",""
"cert_serialNumber","edition-prod-police-nationalev2.minint.ate.info/37.235.90.45","443","INFO","B7A4D3B4E70EEFDBCB18DED2614535A6","",""
"cert_serialNumberLen","edition-prod-police-nationalev2.minint.ate.info/37.235.90.45","443","INFO","16","",""
"cert_fingerprintSHA1","edition-prod-police-nationalev2.minint.ate.info/37.235.90.45","443","INFO","1BD7313262B5EEC52A21EF6AEBC1741871A5BC54","",""
"cert_fingerprintSHA256","edition-prod-police-nationalev2.minint.ate.info/37.235.90.45","443","INFO","2658E6908456A316F0D3F57E37F37ECE3DC88C28AD786624F130A55E9F5FAAE1","",""
"cert","edition-prod-police-nationalev2.minint.ate.info/37.235.90.45","443","INFO","-----BEGIN CERTIFICATE-----\nMIIGPTCCBSWgAwIBAgIRALek07TnDu/byxje0mFFNaYwDQYJKoZIhvcNAQELBQAwXzELMAkGA1UEBhMCRlIxDjAMBgNVBAgTBVBhcmlzMQ4wDAYDVQQHEwVQYXJpczEOMAwGA1UEChMFR2FuZGkxIDAeBgNVBAMTF0dhbmRpIFN0YW5kYXJkIFNTTCBDQSAyMB4XDTIzMDMzMTAwMDAwMFoXDTI0MDQxNjIzNTk1OVowHDEaMBgGA1UEAwwRKi5taW5pbnQuYXRlLmluZm8wggEiMA0GCSqGSIb3DQEBAQUAA4IBDwAwggEKAoIBAQC+TnCH12yrmLkwO71RQNWBo5NB1S6oaOCp88+QtM+/X0uo3FlYSJ7vWo5qX3C3d1VXorCFD5SXNffTk5g9p7B6UeauEffsahlX0X503bGnwZj/JvHifaXWlZ93fip34Ct+c2daCqTEKv6005qgEJwVSXYWC+S7PPHEIdXpIr4VuoXErgJAAVzbJbs+6cUXtOIgTcGs73LsL30KpcFCGamygx/LiTpybNqKO9Pj44wGL2d1KDErUljaX2/RuaJdQlM93Q1qAz9ydhdN4vG3AhL6ASHvPHNDyJ21ZwcnmQwxamZy26papQktu4gObyftWYzE69qaT6T8+k/qGBQahSUZAgMBAAGjggM1MIIDMTAfBgNVHSMEGDAWgBSzkKfYya9OzWE8n3ytXX9B/Wkw6jAdBgNVHQ4EFgQUprGmyAjUVN8aFxjGTrQo3XO7GNMwDgYDVR0PAQH/BAQDAgWgMAwGA1UdEwEB/wQCMAAwHQYDVR0lBBYwFAYIKwYBBQUHAwEGCCsGAQUFBwMCMEsGA1UdIAREMEIwNgYLKwYBBAGyMQECAhowJzAlBggrBgEFBQcCARYZaHR0cHM6Ly9jcHMudXNlcnRydXN0LmNvbTAIBgZngQwBAgEwQQYDVR0fBDowODA2oDSgMoYwaHR0cDovL2NybC51c2VydHJ1c3QuY29tL0dhbmRpU3RhbmRhcmRTU0xDQTIuY3JsMHMGCCsGAQUFBwEBBGcwZTA8BggrBgEFBQcwAoYwaHR0cDovL2NydC51c2VydHJ1c3QuY29tL0dhbmRpU3RhbmRhcmRTU0xDQTIuY3J0MCUGCCsGAQUFBzABhhlodHRwOi8vb2NzcC51c2VydHJ1c3QuY29tMC0GA1UdEQQmMCSCESoubWluaW50LmF0ZS5pbmZvgg9taW5pbnQuYXRlLmluZm8wggF8BgorBgEEAdZ5AgQCBIIBbASCAWgBZgB2AHb/iD8KtvuVUcJhzPWHujS0pM27KdxoQgqf5mdMWjp0AAABhzhFU6sAAAQDAEcwRQIgWQThvqwu4TYDs1mETDp9rEOo8Fb20Mwose/DAylibOYCIQD+o7a8J4o+bZmFkuHi43v6l46njTvWPE3g4Tzizv45VQB1ANq2v2s/tbYin5vCu1xr6HCRcWy7UYSFNL2kPTBI1/urAAABhzhFU/wAAAQDAEYwRAIgRR2Axr2haYzOZxcSenmuTApWsALtQp1T/BwjpWvMk9MCIEHFEbcP0MvKhionxFy56RRQ0PB+h8NWBda3/AB3YZl0AHUA7s3QZNXbGs7FXLedtM0TojKHRny87N7DUUhZRnEftZsAAAGHOEVT0gAABAMARjBEAiByHUqk7um762ibzwT9h1r4OoT9c8CbGPVC9Wd+kEBYNwIgGTj3Cqr/r70qHgTMb+6L6wUaECREMV8KdZwp3BNW76UwDQYJKoZIhvcNAQELBQADggEBAAJzB5ihDvNQ99lkm6LCd9E7cUhTEJC7Cbg8VaiU0+Y4wBPGZqaXfZSHyKXwQm9+0fLjTxmGLpND0E+bmORBldsBPlqo3qk2Z+Efg3rW7T9qEDSmYBugoDiQv6v8mXs6xIZ802pZcpGf1YBZWGjhyGLxfFqw3I5nYAPorVyyKpNdr14Ex9BJP/lxHE8y8JOr8cZm5u5HFQwGCZeGoVuT7p4NdKnShlQEIgGET1LT3a6hGy8itktv/m7/M4q1UaY8Vzmkqc1skbSkqyw7r8+b0+vSCWn84ximdkB9K569NYQ3bYDePauZc227/ma3tEM9LDH9bxhEA8tQojRP699nq4A=\n-----END CERTIFICATE-----","",""
"cert_commonName","edition-prod-police-nationalev2.minint.ate.info/37.235.90.45","443","OK","*.minint.ate.info","",""
"cert_commonName_wo_SNI","edition-prod-police-nationalev2.minint.ate.info/37.235.90.45","443","INFO","*.minint.ate.info","",""
"cert_subjectAltName","edition-prod-police-nationalev2.minint.ate.info/37.235.90.45","443","INFO","*.minint.ate.info minint.ate.info","",""
"cert_trust","edition-prod-police-nationalev2.minint.ate.info/37.235.90.45","443","OK","Ok via SAN wildcard and CN wildcard (same w/o SNI)","",""
"cert_trust_wildcard","edition-prod-police-nationalev2.minint.ate.info/37.235.90.45","443","LOW","trust is via wildcard","",""
"cert_chain_of_trust","edition-prod-police-nationalev2.minint.ate.info/37.235.90.45","443","OK","passed.","",""
"cert_certificatePolicies_EV","edition-prod-police-nationalev2.minint.ate.info/37.235.90.45","443","INFO","no","",""
"cert_expirationStatus","edition-prod-police-nationalev2.minint.ate.info/37.235.90.45","443","MEDIUM","expires < 60 days (38)","",""
"cert_notBefore","edition-prod-police-nationalev2.minint.ate.info/37.235.90.45","443","INFO","2023-03-31 00:00","",""
"cert_notAfter","edition-prod-police-nationalev2.minint.ate.info/37.235.90.45","443","MEDIUM","2024-04-16 23:59","",""
"cert_extlifeSpan","edition-prod-police-nationalev2.minint.ate.info/37.235.90.45","443","OK","certificate has no extended life time according to browser forum","",""
"cert_eTLS","edition-prod-police-nationalev2.minint.ate.info/37.235.90.45","443","INFO","not present","",""
"cert_crlDistributionPoints","edition-prod-police-nationalev2.minint.ate.info/37.235.90.45","443","INFO","http://crl.usertrust.com/GandiStandardSSLCA2.crl","",""
"cert_ocspURL","edition-prod-police-nationalev2.minint.ate.info/37.235.90.45","443","INFO","http://ocsp.usertrust.com","",""
"OCSP_stapling","edition-prod-police-nationalev2.minint.ate.info/37.235.90.45","443","LOW","not offered","",""
"cert_mustStapleExtension","edition-prod-police-nationalev2.minint.ate.info/37.235.90.45","443","INFO","--","",""
"DNS_CAArecord","edition-prod-police-nationalev2.minint.ate.info/37.235.90.45","443","LOW","--","",""
"certificate_transparency","edition-prod-police-nationalev2.minint.ate.info/37.235.90.45","443","OK","yes (certificate extension)","",""
"certs_countServer","edition-prod-police-nationalev2.minint.ate.info/37.235.90.45","443","INFO","2","",""
"certs_list_ordering_problem","edition-prod-police-nationalev2.minint.ate.info/37.235.90.45","443","INFO","no","",""
"cert_caIssuers","edition-prod-police-nationalev2.minint.ate.info/37.235.90.45","443","INFO","Gandi Standard SSL CA 2 (Gandi from FR)","",""
"intermediate_cert <#1>","edition-prod-police-nationalev2.minint.ate.info/37.235.90.45","443","INFO","-----BEGIN CERTIFICATE-----\nMIIF6TCCA9GgAwIBAgIQBeTcO5Q4qzuFl8umoZhQ4zANBgkqhkiG9w0BAQwFADCBiDELMAkGA1UEBhMCVVMxEzARBgNVBAgTCk5ldyBKZXJzZXkxFDASBgNVBAcTC0plcnNleSBDaXR5MR4wHAYDVQQKExVUaGUgVVNFUlRSVVNUIE5ldHdvcmsxLjAsBgNVBAMTJVVTRVJUcnVzdCBSU0EgQ2VydGlmaWNhdGlvbiBBdXRob3JpdHkwHhcNMTQwOTEyMDAwMDAwWhcNMjQwOTExMjM1OTU5WjBfMQswCQYDVQQGEwJGUjEOMAwGA1UECBMFUGFyaXMxDjAMBgNVBAcTBVBhcmlzMQ4wDAYDVQQKEwVHYW5kaTEgMB4GA1UEAxMXR2FuZGkgU3RhbmRhcmQgU1NMIENBIDIwggEiMA0GCSqGSIb3DQEBAQUAA4IBDwAwggEKAoIBAQCUBC2meZV0/9UAPPWu2JSxKXzAjwsLibmCg5duNyj1ohrP0pILm6jTh5RzhBCf3DXLwi2SrCG5yzv8QMHBgyHwv/j2nPqcghDA0I5O5Q1MsJFckLSkQFEW2uSEEi0FXKEfFxkkUap66uEHG4aNAXLy59SDIzme4OFMH2sio7QQZrDtgpbXbmq08j+1QvzdirWrui0dOnWbMdw+naxb00ENbLAb9Tr1eeohovj0M1JLJC0epJmxbUi8uBL+cnB89/sCdfSN3tbawKAyGlLfOGsuRTg/PwSWAP2h9KK71RfWJ3wbWFmVXooS/ZyrgT5SKEhRhWvzkbKGPym1bgNi7tYFAgMBAAGjggF1MIIBcTAfBgNVHSMEGDAWgBRTeb9aqitKz1SA4dibwJ3ysgNmyzAdBgNVHQ4EFgQUs5Cn2MmvTs1hPJ98rV1/Qf1pMOowDgYDVR0PAQH/BAQDAgGGMBIGA1UdEwEB/wQIMAYBAf8CAQAwHQYDVR0lBBYwFAYIKwYBBQUHAwEGCCsGAQUFBwMCMCIGA1UdIAQbMBkwDQYLKwYBBAGyMQECAhowCAYGZ4EMAQIBMFAGA1UdHwRJMEcwRaBDoEGGP2h0dHA6Ly9jcmwudXNlcnRydXN0LmNvbS9VU0VSVHJ1c3RSU0FDZXJ0aWZpY2F0aW9uQXV0aG9yaXR5LmNybDB2BggrBgEFBQcBAQRqMGgwPwYIKwYBBQUHMAKGM2h0dHA6Ly9jcnQudXNlcnRydXN0LmNvbS9VU0VSVHJ1c3RSU0FBZGRUcnVzdENBLmNydDAlBggrBgEFBQcwAYYZaHR0cDovL29jc3AudXNlcnRydXN0LmNvbTANBgkqhkiG9w0BAQwFAAOCAgEAWGf9crJq13xhlhl+2UNG0SZ9yFP6ZrBrLafTqlb3OojQO3LJUP33WbKqaPWMcwO7lWUXzi8c3ZgTopHJ7qFAbjyY1lzzsiI8Le4bpOHeICQW8owRc5E69vrOJAKHypPstLbIFhfFcvwnQPYT/pOmnVHvPCvYd1ebjGU6NSU2t7WKY28HJ5OxYI2A25bUeo8tqxyIyW5+1mUfr13KFj8oRtygNeX56eXVlogMT8a3d2dIhCe2H7Bo26y/d7CQuKLJHDJdArolQ4FCR7vY4Y8MDEZf7kYzawMUgtN+zY+vkNaOJH1AQrRqahfGlZfh8jjNp+20J0CT33KpuMZmYzc4ZCIwojvxuch7yPspOqsactIGEk72gtQjbz7Dk+XYtsDe3CMW1hMwt6CaDixVBgBwAc/qOR2A24j3pSC4W/0xJmmPLQphgzpHphNULB7j7UTKvGofKA5R2d4On3XNDgOVyvnFqSot/kGkoUeuDcL5OWYzSlvhhChZbH2UF3bkRYKtcCD90m9jqNf6oDP6N8v3smWe2lBvP+Sn845dWDKXcCMu5/3EFZucJ48y7RetWIExKREam9T8bJUox04FB6b9HbwZ4ui3uRGKLXASUoWNjDNKD/yZkuBjcNqllEdjB+dYxzFfBT02Vf6Dsuimrdfp5gJ0iHRc2jTbkNJtUQoj1iM=\n-----END CERTIFICATE-----","",""
"intermediate_cert_fingerprintSHA256 <#1>","edition-prod-police-nationalev2.minint.ate.info/37.235.90.45","443","INFO","B9F2164323638DCE0B92218B43C41C1B2B2696389329DB19F5CF7AD49B5CB372","",""
"intermediate_cert_notBefore <#1>","edition-prod-police-nationalev2.minint.ate.info/37.235.90.45","443","INFO","2014-09-12 00:00","",""
"intermediate_cert_notAfter <#1>","edition-prod-police-nationalev2.minint.ate.info/37.235.90.45","443","OK","2024-09-11 23:59","",""
"intermediate_cert_expiration <#1>","edition-prod-police-nationalev2.minint.ate.info/37.235.90.45","443","OK","ok > 40 days","",""
"intermediate_cert_chain <#1>","edition-prod-police-nationalev2.minint.ate.info/37.235.90.45","443","INFO","Gandi Standard SSL CA 2 <-- USERTrust RSA Certification Authority","",""
"intermediate_cert_badOCSP","edition-prod-police-nationalev2.minint.ate.info/37.235.90.45","443","OK","intermediate certificate(s) is/are ok","",""
"HTTP_status_code","edition-prod-police-nationalev2.minint.ate.info/37.235.90.45","443","INFO","400 Bad Request ('/') -- better try another URL","",""
"HTTP_clock_skew","edition-prod-police-nationalev2.minint.ate.info/37.235.90.45","443","INFO","0 seconds from localtime","",""
"HTTP_headerTime","edition-prod-police-nationalev2.minint.ate.info/37.235.90.45","443","INFO","1709996108","",""
"HSTS","edition-prod-police-nationalev2.minint.ate.info/37.235.90.45","443","LOW","not offered","",""
"HPKP","edition-prod-police-nationalev2.minint.ate.info/37.235.90.45","443","INFO","No support for HTTP Public Key Pinning","",""
"banner_server","edition-prod-police-nationalev2.minint.ate.info/37.235.90.45","443","INFO","nginx","",""
"banner_application","edition-prod-police-nationalev2.minint.ate.info/37.235.90.45","443","INFO","No application banner found","",""
"cookie_count","edition-prod-police-nationalev2.minint.ate.info/37.235.90.45","443","INFO","0 at '/' (30x detected, better try target URL of 30x)","",""
"security_headers","edition-prod-police-nationalev2.minint.ate.info/37.235.90.45","443","MEDIUM","--","",""
"banner_reverseproxy","edition-prod-police-nationalev2.minint.ate.info/37.235.90.45","443","INFO","--","","CWE-200"
"heartbleed","edition-prod-police-nationalev2.minint.ate.info/37.235.90.45","443","OK","not vulnerable, no heartbeat extension","CVE-2014-0160","CWE-119"
"CCS","edition-prod-police-nationalev2.minint.ate.info/37.235.90.45","443","OK","not vulnerable","CVE-2014-0224","CWE-310"
"ticketbleed","edition-prod-police-nationalev2.minint.ate.info/37.235.90.45","443","OK","no session ticket extension","CVE-2016-9244","CWE-200"
"ROBOT","edition-prod-police-nationalev2.minint.ate.info/37.235.90.45","443","OK","not vulnerable, no RSA key transport cipher","CVE-2017-17382 CVE-2017-17427 CVE-2017-17428 CVE-2017-13098 CVE-2017-1000385 CVE-2017-13099 CVE-2016-6883 CVE-2012-5081 CVE-2017-6168","CWE-203"
"secure_renego","edition-prod-police-nationalev2.minint.ate.info/37.235.90.45","443","OK","supported","","CWE-310"
"secure_client_renego","edition-prod-police-nationalev2.minint.ate.info/37.235.90.45","443","OK","not vulnerable","CVE-2011-1473","CWE-310"
"CRIME_TLS","edition-prod-police-nationalev2.minint.ate.info/37.235.90.45","443","OK","not vulnerable","CVE-2012-4929","CWE-310"
"BREACH","edition-prod-police-nationalev2.minint.ate.info/37.235.90.45","443","OK","not vulnerable, no gzip/deflate/compress/br HTTP compression  - only supplied '/' tested","CVE-2013-3587","CWE-310"
"POODLE_SSL","edition-prod-police-nationalev2.minint.ate.info/37.235.90.45","443","OK","not vulnerable, no SSLv3","CVE-2014-3566","CWE-310"
"fallback_SCSV","edition-prod-police-nationalev2.minint.ate.info/37.235.90.45","443","OK","no protocol below TLS 1.2 offered","",""
"SWEET32","edition-prod-police-nationalev2.minint.ate.info/37.235.90.45","443","OK","not vulnerable","CVE-2016-2183 CVE-2016-6329","CWE-327"
"FREAK","edition-prod-police-nationalev2.minint.ate.info/37.235.90.45","443","OK","not vulnerable","CVE-2015-0204","CWE-310"
"DROWN","edition-prod-police-nationalev2.minint.ate.info/37.235.90.45","443","OK","not vulnerable on this host and port","CVE-2016-0800 CVE-2016-0703","CWE-310"
"DROWN_hint","edition-prod-police-nationalev2.minint.ate.info/37.235.90.45","443","INFO","Make sure you don't use this certificate elsewhere with SSLv2 enabled services, see https://search.censys.io/search?resource=hosts&virtual_hosts=INCLUDE&q=2658E6908456A316F0D3F57E37F37ECE3DC88C28AD786624F130A55E9F5FAAE1","CVE-2016-0800 CVE-2016-0703","CWE-310"
"LOGJAM","edition-prod-police-nationalev2.minint.ate.info/37.235.90.45","443","OK","not vulnerable, no DH EXPORT ciphers,","CVE-2015-4000","CWE-310"
"LOGJAM-common_primes","edition-prod-police-nationalev2.minint.ate.info/37.235.90.45","443","OK","--","CVE-2015-4000","CWE-310"
"BEAST","edition-prod-police-nationalev2.minint.ate.info/37.235.90.45","443","OK","not vulnerable, no SSL3 or TLS1","CVE-2011-3389","CWE-20"
"LUCKY13","edition-prod-police-nationalev2.minint.ate.info/37.235.90.45","443","OK","not vulnerable","CVE-2013-0169","CWE-310"
"winshock","edition-prod-police-nationalev2.minint.ate.info/37.235.90.45","443","OK","not vulnerable","CVE-2014-6321","CWE-94"
"RC4","edition-prod-police-nationalev2.minint.ate.info/37.235.90.45","443","OK","not vulnerable","CVE-2013-2566 CVE-2015-2808","CWE-310"
"clientsimulation-android_60","edition-prod-police-nationalev2.minint.ate.info/37.235.90.45","443","INFO","No connection","",""
"clientsimulation-android_70","edition-prod-police-nationalev2.minint.ate.info/37.235.90.45","443","INFO","TLSv1.2 ECDHE-RSA-AES128-GCM-SHA256","",""
"clientsimulation-android_81","edition-prod-police-nationalev2.minint.ate.info/37.235.90.45","443","INFO","TLSv1.2 ECDHE-RSA-AES128-GCM-SHA256","",""
"clientsimulation-android_90","edition-prod-police-nationalev2.minint.ate.info/37.235.90.45","443","INFO","TLSv1.2 ECDHE-RSA-AES128-GCM-SHA256","",""
"clientsimulation-android_X","edition-prod-police-nationalev2.minint.ate.info/37.235.90.45","443","INFO","TLSv1.2 ECDHE-RSA-AES128-GCM-SHA256","",""
"clientsimulation-android_11","edition-prod-police-nationalev2.minint.ate.info/37.235.90.45","443","INFO","TLSv1.2 ECDHE-RSA-AES128-GCM-SHA256","",""
"clientsimulation-android_12","edition-prod-police-nationalev2.minint.ate.info/37.235.90.45","443","INFO","TLSv1.2 ECDHE-RSA-AES128-GCM-SHA256","",""
"clientsimulation-chrome_79_win10","edition-prod-police-nationalev2.minint.ate.info/37.235.90.45","443","INFO","TLSv1.2 ECDHE-RSA-AES128-GCM-SHA256","",""
"clientsimulation-chrome_101_win10","edition-prod-police-nationalev2.minint.ate.info/37.235.90.45","443","INFO","TLSv1.2 ECDHE-RSA-AES128-GCM-SHA256","",""
"clientsimulation-firefox_66_win81","edition-prod-police-nationalev2.minint.ate.info/37.235.90.45","443","INFO","TLSv1.2 ECDHE-RSA-AES128-GCM-SHA256","",""
"clientsimulation-firefox_100_win10","edition-prod-police-nationalev2.minint.ate.info/37.235.90.45","443","INFO","TLSv1.2 ECDHE-RSA-AES128-GCM-SHA256","",""
"clientsimulation-ie_6_xp","edition-prod-police-nationalev2.minint.ate.info/37.235.90.45","443","INFO","No connection","",""
"clientsimulation-ie_8_win7","edition-prod-police-nationalev2.minint.ate.info/37.235.90.45","443","INFO","No connection","",""
"clientsimulation-ie_8_xp","edition-prod-police-nationalev2.minint.ate.info/37.235.90.45","443","INFO","No connection","",""
"clientsimulation-ie_11_win7","edition-prod-police-nationalev2.minint.ate.info/37.235.90.45","443","INFO","TLSv1.2 DHE-RSA-AES256-GCM-SHA384","",""
"clientsimulation-ie_11_win81","edition-prod-police-nationalev2.minint.ate.info/37.235.90.45","443","INFO","No connection","",""
"clientsimulation-ie_11_winphone81","edition-prod-police-nationalev2.minint.ate.info/37.235.90.45","443","INFO","No connection","",""
"clientsimulation-ie_11_win10","edition-prod-police-nationalev2.minint.ate.info/37.235.90.45","443","INFO","TLSv1.2 ECDHE-RSA-AES256-GCM-SHA384","",""
"clientsimulation-edge_15_win10","edition-prod-police-nationalev2.minint.ate.info/37.235.90.45","443","INFO","TLSv1.2 ECDHE-RSA-AES256-GCM-SHA384","",""
"clientsimulation-edge_101_win10_21h2","edition-prod-police-nationalev2.minint.ate.info/37.235.90.45","443","INFO","TLSv1.2 ECDHE-RSA-AES128-GCM-SHA256","",""
"clientsimulation-safari_121_ios_122","edition-prod-police-nationalev2.minint.ate.info/37.235.90.45","443","INFO","No connection","",""
"clientsimulation-safari_130_osx_10146","edition-prod-police-nationalev2.minint.ate.info/37.235.90.45","443","INFO","No connection","",""
"clientsimulation-safari_154_osx_1231","edition-prod-police-nationalev2.minint.ate.info/37.235.90.45","443","INFO","TLSv1.2 ECDHE-RSA-AES256-GCM-SHA384","",""
"clientsimulation-java_7u25","edition-prod-police-nationalev2.minint.ate.info/37.235.90.45","443","INFO","No connection","",""
"clientsimulation-java_8u161","edition-prod-police-nationalev2.minint.ate.info/37.235.90.45","443","INFO","TLSv1.2 ECDHE-RSA-AES256-GCM-SHA384","",""
"clientsimulation-java1102","edition-prod-police-nationalev2.minint.ate.info/37.235.90.45","443","INFO","TLSv1.2 ECDHE-RSA-AES256-GCM-SHA384","",""
"clientsimulation-java1703","edition-prod-police-nationalev2.minint.ate.info/37.235.90.45","443","INFO","TLSv1.2 ECDHE-RSA-AES256-GCM-SHA384","",""
"clientsimulation-go_1178","edition-prod-police-nationalev2.minint.ate.info/37.235.90.45","443","INFO","TLSv1.2 ECDHE-RSA-AES128-GCM-SHA256","",""
"clientsimulation-libressl_283","edition-prod-police-nationalev2.minint.ate.info/37.235.90.45","443","INFO","TLSv1.2 ECDHE-RSA-CHACHA20-POLY1305","",""
"clientsimulation-openssl_102e","edition-prod-police-nationalev2.minint.ate.info/37.235.90.45","443","INFO","TLSv1.2 ECDHE-RSA-AES256-GCM-SHA384","",""
"clientsimulation-openssl_110l","edition-prod-police-nationalev2.minint.ate.info/37.235.90.45","443","INFO","TLSv1.2 ECDHE-RSA-AES256-GCM-SHA384","",""
"clientsimulation-openssl_111d","edition-prod-police-nationalev2.minint.ate.info/37.235.90.45","443","INFO","TLSv1.2 ECDHE-RSA-AES256-GCM-SHA384","",""
"clientsimulation-openssl_303","edition-prod-police-nationalev2.minint.ate.info/37.235.90.45","443","INFO","TLSv1.2 ECDHE-RSA-AES256-GCM-SHA384","",""
"clientsimulation-apple_mail_16_0","edition-prod-police-nationalev2.minint.ate.info/37.235.90.45","443","INFO","TLSv1.2 ECDHE-RSA-AES256-GCM-SHA384","",""
"clientsimulation-thunderbird_91_9","edition-prod-police-nationalev2.minint.ate.info/37.235.90.45","443","INFO","TLSv1.2 ECDHE-RSA-AES128-GCM-SHA256","",""
"rating_spec","edition-prod-police-nationalev2.minint.ate.info/37.235.90.45","443","INFO","SSL Labs's 'SSL Server Rating Guide' (version 2009q from 2020-01-30)","",""
"rating_doc","edition-prod-police-nationalev2.minint.ate.info/37.235.90.45","443","INFO","https://github.com/ssllabs/research/wiki/SSL-Server-Rating-Guide","",""
"protocol_support_score","edition-prod-police-nationalev2.minint.ate.info/37.235.90.45","443","INFO","100","",""
"protocol_support_score_weighted","edition-prod-police-nationalev2.minint.ate.info/37.235.90.45","443","INFO","30","",""
"key_exchange_score","edition-prod-police-nationalev2.minint.ate.info/37.235.90.45","443","INFO","90","",""
"key_exchange_score_weighted","edition-prod-police-nationalev2.minint.ate.info/37.235.90.45","443","INFO","27","",""
"cipher_strength_score","edition-prod-police-nationalev2.minint.ate.info/37.235.90.45","443","INFO","90","",""
"cipher_strength_score_weighted","edition-prod-police-nationalev2.minint.ate.info/37.235.90.45","443","INFO","36","",""
"final_score","edition-prod-police-nationalev2.minint.ate.info/37.235.90.45","443","INFO","93","",""
"overall_grade","edition-prod-police-nationalev2.minint.ate.info/37.235.90.45","443","OK","A","",""
"grade_cap_reason_1","edition-prod-police-nationalev2.minint.ate.info/37.235.90.45","443","INFO","Grade capped to A. HSTS is not offered","",""
